ID,Rank1,Rank2,Rank3,Rank4,Rank5,Decision
ABBV,0.16985,0.2259,0.20765,0.22605,0.17055,3e-05
ACN,0.26505,0.17145,0.13615,0.1623,0.26505,0.0
AEP,0.12055,0.2524,0.25275,0.2515,0.1228,0.00023
AIZ,0.2354,0.18605,0.1563,0.18705,0.2352,0.00017
ALLE,0.19825,0.2108,0.1864,0.2101,0.19445,0.0001
AMAT,0.3092,0.1385,0.1076,0.13885,0.30585,0.00014
AMP,0.2226,0.1914,0.1635,0.1906,0.2319,0.0
AMZN,0.24575,0.17955,0.1528,0.17415,0.24775,0.00037
AVB,0.1795,0.2159,0.20315,0.22105,0.1804,0.0
AVY,0.2167,0.19295,0.1717,0.19915,0.2195,0.00014
AXP,0.24975,0.1804,0.15185,0.1724,0.2456,0.0001
BDX,0.17105,0.2265,0.2101,0.2142,0.17815,0.00019
BF-B,0.23615,0.1864,0.1617,0.18355,0.2322,0.0
BMY,0.15145,0.23455,0.22645,0.23325,0.1543,2e-05
BR,0.1902,0.21285,0.1926,0.2158,0.18855,9e-05
CARR,0.23075,0.19065,0.15925,0.18845,0.2309,0.0001
CDW,0.2476,0.17735,0.1543,0.17485,0.2459,0.0
CE,0.2392,0.18115,0.15805,0.1799,0.2417,0.0
CHTR,0.20585,0.20485,0.1833,0.20345,0.20255,0.00023
CNC,0.23945,0.1812,0.1537,0.18255,0.2431,0.00025
CNP,0.17295,0.22235,0.2076,0.22825,0.16885,0.00022
COP,0.28035,0.1571,0.1292,0.15625,0.2771,0.0
CTAS,0.23395,0.1869,0.164,0.1818,0.23335,6e-05
CZR,0.33635,0.11485,0.095,0.1182,0.3356,0.0
DG,0.2394,0.1798,0.15425,0.1847,0.24185,0.00016
DPZ,0.29125,0.1496,0.1186,0.15075,0.2898,0.00013
DRE,0.1807,0.2219,0.19905,0.2158,0.18255,0.0
DXC,0.2933,0.1452,0.1266,0.1451,0.2898,0.00031
FB,0.286,0.1484,0.12585,0.15565,0.2841,0.00017
FTV,0.20445,0.2098,0.1772,0.20415,0.2044,0.00018
GOOG,0.23115,0.19035,0.16405,0.1841,0.23035,0.0
GPC,0.2249,0.18615,0.1697,0.19445,0.2248,0.0
HIG,0.2026,0.2007,0.1841,0.2087,0.2039,0.00017
HST,0.20885,0.2026,0.18315,0.20175,0.20365,0.00017
JPM,0.2204,0.19575,0.1738,0.19115,0.2189,0.00015
KR,0.2892,0.1475,0.1245,0.14995,0.28885,0.0001
OGN,0.22435,0.1915,0.1696,0.19505,0.2195,0.00027
PG,0.14185,0.23695,0.23325,0.24215,0.1458,0.0
PPL,0.15085,0.225,0.23245,0.23605,0.15565,0.00019
PRU,0.23275,0.18625,0.1585,0.1875,0.235,0.0
PYPL,0.3128,0.13505,0.10725,0.13515,0.30975,0.00031
RE,0.2175,0.19805,0.173,0.19755,0.2139,0.00018
ROL,0.2981,0.1472,0.1158,0.14405,0.29485,0.00012
ROST,0.28595,0.1551,0.1227,0.1522,0.28405,0.0
UNH,0.18915,0.21345,0.18915,0.21565,0.1926,0.0
URI,0.2776,0.1542,0.133,0.1579,0.2773,0.0
V,0.23225,0.1945,0.1643,0.1852,0.22375,0.00025
VRSK,0.20345,0.20325,0.18235,0.20795,0.203,3e-05
WRK,0.2294,0.18515,0.1661,0.1905,0.22885,0.0
XOM,0.24265,0.18045,0.15615,0.1777,0.24305,0.0
IVV,0.1721,0.22265,0.2096,0.2264,0.16925,-0.499
IWM,0.21925,0.19485,0.17255,0.19135,0.222,0.0
EWU,0.1815,0.21665,0.1975,0.21745,0.1869,9e-05
EWG,0.23425,0.18335,0.16,0.18305,0.23935,0.0
EWL,0.09695,0.26145,0.28445,0.26135,0.0958,0.0002
EWQ,0.2197,0.1944,0.17195,0.19355,0.2204,2e-05
IEUS,0.01845,0.25915,0.4434,0.26215,0.01685,0.0003
EWJ,0.181,0.219,0.19785,0.2222,0.17995,0.0001
EWT,0.22155,0.19615,0.17135,0.1939,0.21705,0.0001
MCHI,0.232,0.18995,0.1569,0.19,0.23115,3e-05
INDA,0.124,0.24855,0.2556,0.2497,0.12215,0.00013
EWY,0.2162,0.1947,0.1764,0.19835,0.21435,4e-05
EWA,0.17625,0.22025,0.2008,0.22115,0.18155,7e-05
EWH,0.2317,0.18785,0.16285,0.1831,0.2345,8e-05
EWZ,0.2488,0.17955,0.153,0.1729,0.24575,9e-05
EWC,0.1413,0.2399,0.23925,0.2405,0.13905,0.00011
IEMG,0.19005,0.21235,0.19425,0.21515,0.1882,0.0
LQD,0.0072,0.24515,0.4991,0.23925,0.0093,0.00063
HYG,0.0175,0.26115,0.4429,0.2606,0.01785,0.0
SHY,0.0,0.0824,0.83205,0.08555,0.0,0.00054
IEF,0.00675,0.23985,0.50785,0.23805,0.0075,0.00054
TLT,0.1009,0.25805,0.28365,0.259,0.0984,0.0005
SEGA.L,0.2089,0.19675,0.1757,0.1978,0.22085,0.00041
IEAA.L,0.21605,0.1989,0.17125,0.19745,0.21635,0.00042
HIGH.L,0.2116,0.19925,0.17105,0.20015,0.21795,0.00022
JPEA.L,0.2117,0.19635,0.1702,0.20435,0.2174,0.00022
IAU,0.0934,0.2569,0.2893,0.2649,0.0955,0.00059
SLV,0.18045,0.2192,0.20465,0.21685,0.17885,0.00021
GSG,0.19845,0.2149,0.18645,0.20635,0.19385,3e-05
REET,0.0689,0.2681,0.3257,0.26775,0.06955,0.00012
ICLN,0.26965,0.16365,0.13375,0.1655,0.26745,6e-05
IXN,0.1813,0.2211,0.20205,0.2162,0.17935,0.0
IGF,0.0827,0.2681,0.2952,0.26935,0.08465,0.0001
IUVL.L,0.2144,0.19655,0.1771,0.1961,0.21585,0.0
IUMO.L,0.2112,0.2018,0.1755,0.19885,0.21265,3e-05
SPMV.L,0.2118,0.1979,0.17705,0.19775,0.2155,0.0
IEVL.L,0.21105,0.19825,0.17625,0.19885,0.2156,0.00022
IEFM.L,0.2224,0.1995,0.1708,0.19385,0.21345,0.00023
MVEU.L,0.2107,0.1969,0.17595,0.20185,0.2146,0.00012
XLK,0.23,0.1931,0.1639,0.18905,0.22395,0.01938
XLF,0.1959,0.2088,0.1866,0.2129,0.1958,0.03081
XLV,0.12395,0.2549,0.24655,0.2482,0.1264,0.0628
XLE,0.2409,0.1841,0.1524,0.1798,0.2428,0.04729
XLY,0.2398,0.1828,0.15705,0.1808,0.23955,0.06333
XLI,0.1473,0.23825,0.23045,0.2379,0.1461,0.02079
XLC,0.1912,0.21315,0.1941,0.21605,0.1855,0.04026
XLU,0.04535,0.27215,0.3629,0.2731,0.0465,0.10105
XLP,0.10835,0.25815,0.26325,0.26075,0.1095,0.06396
XLB,0.16725,0.224,0.2124,0.23005,0.1663,0.03714
VXX,0.4092,0.0633,0.04965,0.06825,0.4096,0.00032
